ReportId,YearRange,Context
4390,2023 to 2035,"od market was valued at approximately $XX billion in 2023, and it is projected to grow at a CAGR of XX% through 2035. The increasing demand for vehicl"
5231,2023 to 2033,"ected to have a market share of approximately 30% in 2023, driven by innovations in the pharmaceutical industry and high demand for agrochemical produ"
6926,2025 to 2035,market is valued at approximately USD 20 billion in 2025 and is projected to grow at a compound annual growth rate (CAGR) of 8% through 2035. This gr
7992,2022 to 2035,"market was valued at approximately USD 15 billion in 2022, with a projected compound annual growth rate (CAGR) of 6.5% through 2035. The increasing de"
8499,2025 to 2035,imated valuation of approximately USD 1.5 billion in 2025 and a projected compound annual growth rate (CAGR) of about 5.8% through 2035. This growth t
12082,2023 to 2033,arket size reaching approximately USD 650 million in 2023 and expected to grow at a CAGR of 4.5% through 2033. This growth can primarily be attributed
12270,2023 to 2035,ents was valued at approximately USD 1.25 billion in 2023 and is anticipated to grow at a compound annual growth rate (CAGR) of around 4.5% through 20
13712,2025 to 2035,"ing a market size of approximately USD 10 billion in 2025, projected to grow at a compound annual growth rate (CAGR) of around 6% through 2035. This s"
14185,2023 to 2035,"arket was valued at approximately USD 200 million in 2023, with a compound annual growth rate (CAGR) of around 6% projected through 2035. This growth"
15336,2023 to 2035,"arket was valued at approximately USD 8.5 billion in 2023, and it is projected to grow at a compound annual growth rate (CAGR) of 4.5% through 2035. T"
18044,2025 to 2035,"ted to be valued at approximately USD 1.5 billion in 2025, with a robust compound annual growth rate (CAGR) of around 7.2% projected through 2035. The"
20359,2025 to 2035,imated market size of approximately USD 3 billion in 2025 and a projected compound annual growth rate (CAGR) of about 8% throughout the forecast perio
20923,2025 to 2035,"with an estimated market size of USD 3.89 billion in 2025, projected to expand at a compound annual growth rate (CAGR) of 14.2% through 2035. This gro"
27014,2023 to 2035,arket was valued at approximately USD 200 million in 2023 and is projected to witness a compound annual growth rate (CAGR) of around 5.6% through 2035
30204,2023 to 2035,"market is valued at approximately USD 5.2 billion in 2023, projected to grow at a robust compound annual growth rate (CAGR) of 10.4% through to 2035."
30345,2025 to 2035,"cted market size of approximately USD 7.5 billion in 2025, expanding at a CAGR of around 20.5% through 2035. This anticipated growth can be attributed"
32449,2025 to 2035,"n estimated size of approximately USD 1.2 billion in 2025, expanding at a compound annual growth rate (CAGR) of around 8.5% through 2035. This growth"
34172,2023 to 2035,"arket was valued at approximately USD 2.5 billion in 2023, with an impressive compound annual growth rate (CAGR) of around 15% projected through 2035."
35583,2023 to 2035,market was valued at approximately USD 38 billion in 2023 and is anticipated to grow at a compound annual growth rate (CAGR) of around 6% through 2035
37660,2023 to 2035,"market is valued at approximately USD 3.5 billion in 2023, with a projected compound annual growth rate (CAGR) of 5.2% through 2035. The increasing de"
40648,2023 to 2035,"landscape, valued at approximately USD 25 billion in 2023. This region is witnessing a robust demand for advanced office solutions, driven by the prol"
44829,2023 to 2035,"rket was valued at approximately USD 1.24 billion in 2023, with an expected compound annual growth rate (CAGR) of around 11.5% through 2035. This robu"
48529,2025 to 2035,ated market size of approximately USD 1.2 billion in 2025 and a projected Compound Annual Growth Rate (CAGR) of 6.5% through 2035. This growth is driv
50684,2025 to 2035,ated market size of approximately USD 5.2 billion in 2025 and a compound annual growth rate (CAGR) of around 22% projected through 2035. This robust g
54060,2023 to 2033,"market was valued at approximately USD 18 billion in 2023 and is projected to grow at a compound annual growth rate (CAGR) of 4.5% through 2033, reach"
59045,2023 to 2035,ated market size of approximately USD 1.7 billion in 2023 and a compound annual growth rate (CAGR) of around 5.9% projected through 2035. This growth
59197,2023 to 2035,arket was valued at approximately USD 2.5 billion in 2023 and is projected to grow at a robust compound annual growth rate (CAGR) of around 10.5% thro
60630,2025 to 2035,ated market size of approximately USD 800 million in 2025 and a projected compound annual growth rate (CAGR) of around 10% through 2035. The projected
60959,2023 to 2035,arket was valued at approximately USD 9.5 billion in 2023 and is projected to grow at a compound annual growth rate (CAGR) of 6.5% through 2035. This
61842,2023 to 2035,arket was valued at approximately USD 1.5 billion in 2023 and is projected to grow at a compound annual growth rate (CAGR) of 6.5% through 2035. The i
63369,2023 to 2033,has been valued at approximately USD 1.2 billion in 2023 and is projected to expand at a significant compound annual growth rate (CAGR) of 6.4% throu
63742,2023 to 2035,market was valued at approximately USD 30 billion in 2023 and is projected to grow at a compound annual growth rate (CAGR) of around 5.5% through 2035
63789,2023 to 2035,ched a valuation of approximately USD 3.5 billion in 2023 and is anticipated to grow at a compound annual growth rate (CAGR) of 7.5% through 2035. The
63954,2023 to 2035,t has been valued at approximately USD 14 billion in 2023 and is projected to grow at a compound annual growth rate (CAGR) of around 8.5% through 2035
64501,2025 to 2035,arket was valued at approximately USD 5.8 billion in 2025 and is projected to expand at a compound annual growth rate (CAGR) of 8.6% through 2035. The
65465,2022 to 2035,"arket was valued at approximately USD 5.2 billion in 2022, and it is anticipated to grow at a compound annual growth rate (CAGR) of around 8.4% throug"
65513,2023 to 2035,"obal revenue, estimated at around USD 1.5 billion in 2023. The high prevalence of obesity in the United States and Canada, coupled with an extensive r"
66426,2023 to 2035,arket was valued at approximately USD 4.2 billion in 2023 and is anticipated to grow at a compound annual growth rate (CAGR) of around 6.5% through 20
66739,2023 to 2035,cines was valued at approximately USD 2.7 billion in 2023 and is projected to expand at a compound annual growth rate (CAGR) of around 6.1% through 20
67007,2025 to 2035,"arket was valued at approximately USD 6.5 billion in 2025 and is anticipated to expand at a compound annual growth rate (CAGR) of 7.4% through 2035, d"
